Method;Job;AnalyzeLaunchVariance;EvaluateOverhead;MaxAbsoluteError;MaxRelativeError;MinInvokeCount;MinIterationTime;OutlierMode;Affinity;EnvironmentVariables;Jit;LargeAddressAware;Platform;PowerPlanMode;Runtime;AllowVeryLargeObjects;Concurrent;CpuGroups;Force;HeapAffinitizeMask;HeapCount;NoAffinitize;RetainVm;Server;Arguments;BuildConfiguration;Clock;EngineFactory;NuGetReferences;Toolchain;IsMutator;InvocationCount;IterationCount;IterationTime;LaunchCount;MaxIterationCount;MaxWarmupIterationCount;MemoryRandomization;MinIterationCount;MinWarmupIterationCount;RunStrategy;UnrollFactor;WarmupCount;Mean;Error;StdDev;Ratio;Code Size;Allocated;Alloc Ratio
Multiply4x4;net10;False;Default;Default;Default;Default;Default;Default;11111111111111111111;Empty;RyuJit;Default;X64;8c5e7fda-e8bf-4a96-9a85-a6e23a8c635c;.NET 10.0;False;True;False;True;Default;Default;False;False;False;Default;Default;Default;Default;Default;net10;Default;Default;Default;Default;Default;Default;Default;Default;Default;Default;Default;16;Default;6.306 ns;0.0261 ns;0.0231 ns;1.00;447 B;0 B;NA
Add4x4;net10;False;Default;Default;Default;Default;Default;Default;11111111111111111111;Empty;RyuJit;Default;X64;8c5e7fda-e8bf-4a96-9a85-a6e23a8c635c;.NET 10.0;False;True;False;True;Default;Default;False;False;False;Default;Default;Default;Default;Default;net10;Default;Default;Default;Default;Default;Default;Default;Default;Default;Default;Default;16;Default;2.353 ns;0.0134 ns;0.0119 ns;0.37;203 B;0 B;NA
Multiply3x2;net10;False;Default;Default;Default;Default;Default;Default;11111111111111111111;Empty;RyuJit;Default;X64;8c5e7fda-e8bf-4a96-9a85-a6e23a8c635c;.NET 10.0;False;True;False;True;Default;Default;False;False;False;Default;Default;Default;Default;Default;net10;Default;Default;Default;Default;Default;Default;Default;Default;Default;Default;Default;16;Default;4.921 ns;0.0208 ns;0.0174 ns;0.78;386 B;0 B;NA
Multiply4x4;net8;False;Default;Default;Default;Default;Default;Default;11111111111111111111;Empty;RyuJit;Default;X64;8c5e7fda-e8bf-4a96-9a85-a6e23a8c635c;.NET 10.0;False;True;False;True;Default;Default;False;False;False;Default;Default;Default;Default;Default;net8;Default;Default;Default;Default;Default;Default;Default;Default;Default;Default;Default;16;Default;8.393 ns;0.0242 ns;0.0214 ns;1.33;502 B;0 B;NA
Add4x4;net8;False;Default;Default;Default;Default;Default;Default;11111111111111111111;Empty;RyuJit;Default;X64;8c5e7fda-e8bf-4a96-9a85-a6e23a8c635c;.NET 10.0;False;True;False;True;Default;Default;False;False;False;Default;Default;Default;Default;Default;net8;Default;Default;Default;Default;Default;Default;Default;Default;Default;Default;Default;16;Default;3.539 ns;0.0043 ns;0.0036 ns;0.56;194 B;0 B;NA
Multiply3x2;net8;False;Default;Default;Default;Default;Default;Default;11111111111111111111;Empty;RyuJit;Default;X64;8c5e7fda-e8bf-4a96-9a85-a6e23a8c635c;.NET 10.0;False;True;False;True;Default;Default;False;False;False;Default;Default;Default;Default;Default;net8;Default;Default;Default;Default;Default;Default;Default;Default;Default;Default;Default;16;Default;4.266 ns;0.0038 ns;0.0032 ns;0.68;370 B;0 B;NA
Multiply4x4;net9;False;Default;Default;Default;Default;Default;Default;11111111111111111111;Empty;RyuJit;Default;X64;8c5e7fda-e8bf-4a96-9a85-a6e23a8c635c;.NET 10.0;False;True;False;True;Default;Default;False;False;False;Default;Default;Default;Default;Default;net9;Default;Default;Default;Default;Default;Default;Default;Default;Default;Default;Default;16;Default;5.243 ns;0.0196 ns;0.0183 ns;0.83;447 B;0 B;NA
Add4x4;net9;False;Default;Default;Default;Default;Default;Default;11111111111111111111;Empty;RyuJit;Default;X64;8c5e7fda-e8bf-4a96-9a85-a6e23a8c635c;.NET 10.0;False;True;False;True;Default;Default;False;False;False;Default;Default;Default;Default;Default;net9;Default;Default;Default;Default;Default;Default;Default;Default;Default;Default;Default;16;Default;2.789 ns;0.0087 ns;0.0068 ns;0.44;203 B;0 B;NA
Multiply3x2;net9;False;Default;Default;Default;Default;Default;Default;11111111111111111111;Empty;RyuJit;Default;X64;8c5e7fda-e8bf-4a96-9a85-a6e23a8c635c;.NET 10.0;False;True;False;True;Default;Default;False;False;False;Default;Default;Default;Default;Default;net9;Default;Default;Default;Default;Default;Default;Default;Default;Default;Default;Default;16;Default;4.404 ns;0.0062 ns;0.0048 ns;0.70;386 B;0 B;NA
